{
  "usingComponents": {
    "van-field": "/dist/field/index",
    "van-area": "/dist/area/index",
    "van-datetime-picker": "/dist/datetime-picker/index",
    "van-stepper": "/dist/stepper/index",
    "van-cell": "/dist/cell/index",
    "van-cell-group": "/dist/cell-group/index",
    "van-uploader": "/dist/uploader/index",
    "van-submit-bar": "/dist/submit-bar/index",
    "van-divider": "/dist/divider/index",
    "van-image": "/dist/image/index",
    "van-grid": "/dist/grid/index",
    "van-grid-item": "/dist/grid-item/index",
    "van-button": "/dist/button/index",
    "van-row": "/dist/row/index",
    "van-col": "/dist/col/index"
  },
  "navigationBarTitleText":"订单详情"
}